{
	"sensors":  [
		{
			"ism330dhcx_acc": {
				"fs": "<ism330dhcx_fs>",
				"odr": "<ism330dhcx_odr>"
			}
		}
	],
	"pre_processing": {
		"input_buffer_size": "<input_buffer_size>",
		"functions": [
			{
				"name": "axis_selection",
				"code_init": "<code_init>",
                "code_process": "<code_process>",
                "parameters": {
					"selected_axes": ["<X|Y|Z>", "..."]
				}
			},
			{
				"name": "mean_removal",
				"code_init": "<code_init>",
                "code_process": "<code_process>",
                "parameters": {}
			},
			{
				"name": "mfcc",
				"code_init": "<code_init>",
                "code_process": "<code_process>",
                "parameters": {
					"triangular_filters_scale": "<TRIANGULAR_FILTERS_SCALE_HZ|TRIANGULAR_FILTERS_SCALE_MEL>",
					"signal_windowing": "<RECTANGULAR|HANNING>"
				}
			}
		],
	},
	"ai_processing": {
		"network_name": "<network_name>"
	},
	"post_processing": {
		"functions": []
	}
}
